"property_name","location","property_type","actual_area","average_area_for_type","price_inr"
"2 BHK Apartment for Sale in Rajarhat Kolkata","Rajarhat Kolkata","2 BHK Apartment","1140","823","16000000.00"
"2 BHK Apartment for Sale in Rajarhat Kolkata","Rajarhat Kolkata","2 BHK Apartment","1140","823","16000000.00"
"2 BHK Apartment for Sale in Rajarhat Kolkata","Rajarhat Kolkata","2 BHK Apartment","1140","823","16000000.00"
"2 BHK Apartment for Sale in Rajarhat Kolkata","Rajarhat Kolkata","2 BHK Apartment","1140","823","16000000.00"
"2 BHK Apartment for Sale in Rajarhat Kolkata","Rajarhat Kolkata","2 BHK Apartment","1140","823","16000000.00"
"2 BHK Apartment for Sale in Rajarhat Kolkata","Rajarhat Kolkata","2 BHK Apartment","1140","823","16000000.00"
"2 BHK Apartment for Sale in Rajarhat Kolkata","Rajarhat Kolkata","2 BHK Apartment","1140","823","16000000.00"
"2 BHK Apartment for Sale in Rajarhat Kolkata","Rajarhat Kolkata","2 BHK Apartment","1140","823","16000000.00"
"2 BHK Apartment for Sale in Rajarhat Kolkata","Rajarhat Kolkata","2 BHK Apartment","1140","823","16000000.00"
"2 BHK Apartment for Sale in Rajarhat Kolkata","Rajarhat Kolkata","2 BHK Apartment","1140","823","16000000.00"
"2 BHK Apartment for Sale in Rajarhat Kolkata","Rajarhat Kolkata","2 BHK Apartment","1140","823","16000000.00"
"2 BHK Apartment for Sale in Rajarhat Kolkata","Rajarhat Kolkata","2 BHK Apartment","1140","823","16000000.00"
"2 BHK Apartment for Sale in Rajarhat Kolkata","Rajarhat Kolkata","2 BHK Apartment","1140","823","16000000.00"
"2 BHK Apartment for Sale in Rajarhat Kolkata","Rajarhat Kolkata","2 BHK Apartment","1140","823","16000000.00"
"2 BHK Apartment for Sale in Rajarhat Kolkata","Rajarhat Kolkata","2 BHK Apartment","1140","823","16000000.00"
"2 BHK Apartment for Sale in Rajarhat Kolkata","Rajarhat Kolkata","2 BHK Apartment","1140","823","16000000.00"
"2 BHK Apartment for Sale in Rajarhat Kolkata","Rajarhat Kolkata","2 BHK Apartment","1140","823","16000000.00"
"2 BHK Apartment for Sale in Rajarhat Kolkata","Rajarhat Kolkata","2 BHK Apartment","1140","823","16000000.00"
"2 BHK Apartment for Sale in Rajarhat Kolkata","Rajarhat Kolkata","2 BHK Apartment","1140","823","16000000.00"
"2 BHK Apartment for Sale in Rajarhat Kolkata","Rajarhat Kolkata","2 BHK Apartment","1140","823","16000000.00"
"2 BHK Apartment for Sale in Rajarhat Kolkata","Rajarhat Kolkata","2 BHK Apartment","1140","823","16000000.00"
"2 BHK Apartment for Sale in Rajarhat Kolkata","Rajarhat Kolkata","2 BHK Apartment","1140","823","16000000.00"
"2 BHK Apartment for Sale in Rajarhat Kolkata","Rajarhat Kolkata","2 BHK Apartment","1140","823","16000000.00"
"2 BHK Apartment for Sale in Rajarhat Kolkata","Rajarhat Kolkata","2 BHK Apartment","1140","823","16000000.00"
"2 BHK Apartment for Sale in Rajarhat Kolkata","Rajarhat Kolkata","2 BHK Apartment","1140","823","16000000.00"
"2 BHK Apartment for Sale in Rajarhat Kolkata","Rajarhat Kolkata","2 BHK Apartment","1140","823","16000000.00"
"2 BHK Apartment for Sale in Rajarhat Kolkata","Rajarhat Kolkata","2 BHK Apartment","1140","823","16000000.00"
"2 BHK Apartment for Sale in Rajarhat Kolkata","Rajarhat Kolkata","2 BHK Apartment","1140","823","16000000.00"
"2 BHK Apartment for Sale in Rajarhat Kolkata","Rajarhat Kolkata","2 BHK Apartment","1140","823","16000000.00"
"2 BHK Apartment for Sale in Rajarhat Kolkata","Rajarhat Kolkata","2 BHK Apartment","1140","823","16000000.00"
"2 BHK Apartment for Sale in Rajarhat Kolkata","Rajarhat Kolkata","2 BHK Apartment","1140","823","16000000.00"
"2 BHK Apartment for Sale in Rajarhat Kolkata","Rajarhat Kolkata","2 BHK Apartment","1140","823","16000000.00"
"2 BHK Apartment for Sale in Rajarhat Kolkata","Rajarhat Kolkata","2 BHK Apartment","1140","823","16000000.00"
"2 BHK Apartment for Sale in Rajarhat Kolkata","Rajarhat Kolkata","2 BHK Apartment","1140","823","16000000.00"
"2 BHK Apartment for Sale in Rajarhat Kolkata","Rajarhat Kolkata","2 BHK Apartment","1140","823","16000000.00"
"2 BHK Apartment for Sale in Rajarhat Kolkata","Rajarhat Kolkata","2 BHK Apartment","1140","823","16000000.00"
"2 BHK Apartment for Sale in Rajarhat Kolkata","Rajarhat Kolkata","2 BHK Apartment","1140","823","16000000.00"
"2 BHK Apartment for Sale in Rajarhat Kolkata","Rajarhat Kolkata","2 BHK Apartment","1140","823","16000000.00"
"2 BHK Apartment for Sale in Rajarhat Kolkata","Rajarhat Kolkata","2 BHK Apartment","1140","823","16000000.00"
"2 BHK Apartment for Sale in Rajarhat Kolkata","Rajarhat Kolkata","2 BHK Apartment","1140","823","16000000.00"
"2 BHK Apartment for Sale in Rajarhat Kolkata","Rajarhat Kolkata","2 BHK Apartment","1140","823","16000000.00"
"2 BHK Apartment for Sale in Rajarhat Kolkata","Rajarhat Kolkata","2 BHK Apartment","1140","823","16000000.00"
"2 BHK Apartment for Sale in Rajarhat Kolkata","Rajarhat Kolkata","2 BHK Apartment","1140","823","16000000.00"
"2 BHK Apartment for Sale in Rajarhat Kolkata","Rajarhat Kolkata","2 BHK Apartment","1140","823","16000000.00"
"2 BHK Apartment for Sale in Rajarhat Kolkata","Rajarhat Kolkata","2 BHK Apartment","1140","823","16000000.00"
"2 BHK Apartment for Sale in Rajarhat Kolkata","Rajarhat Kolkata","2 BHK Apartment","1140","823","16000000.00"
"2 BHK Apartment for Sale in Rajarhat Kolkata","Rajarhat Kolkata","2 BHK Apartment","1140","823","16000000.00"
"2 BHK Apartment for Sale in Rajarhat Kolkata","Rajarhat Kolkata","2 BHK Apartment","1140","823","16000000.00"
"2 BHK Apartment for Sale in Rajarhat Kolkata","Rajarhat Kolkata","2 BHK Apartment","1140","823","16000000.00"
"2 BHK Apartment for Sale in Rajarhat Kolkata","Rajarhat Kolkata","2 BHK Apartment","1140","823","16000000.00"
"2 BHK Apartment for Sale in Rajarhat Kolkata","Rajarhat Kolkata","2 BHK Apartment","1140","823","16000000.00"
"2 BHK Apartment for Sale in Rajarhat Kolkata","Rajarhat Kolkata","2 BHK Apartment","1140","823","16000000.00"
"2 BHK Apartment for Sale in Rajarhat Kolkata","Rajarhat Kolkata","2 BHK Apartment","1140","823","16000000.00"
"2 BHK Apartment for Sale in Rajarhat Kolkata","Rajarhat Kolkata","2 BHK Apartment","1140","823","16000000.00"
"2 BHK Apartment for Sale in Rajarhat Kolkata","Rajarhat Kolkata","2 BHK Apartment","1140","823","16000000.00"
"2 BHK Apartment for Sale in Rajarhat Kolkata","Rajarhat Kolkata","2 BHK Apartment","1140","823","16000000.00"
"2 BHK Apartment for Sale in Rajarhat Kolkata","Rajarhat Kolkata","2 BHK Apartment","1140","823","16000000.00"
"2 BHK Apartment for Sale in Rajarhat Kolkata","Rajarhat Kolkata","2 BHK Apartment","1140","823","16000000.00"
"2 BHK Apartment for Sale in Rajarhat Kolkata","Rajarhat Kolkata","2 BHK Apartment","1140","823","16000000.00"
"2 BHK Apartment for Sale in Rajarhat Kolkata","Rajarhat Kolkata","2 BHK Apartment","1140","823","16000000.00"
"2 BHK Apartment for Sale in Rajarhat Kolkata","Rajarhat Kolkata","2 BHK Apartment","1140","823","16000000.00"
"2 BHK Apartment for Sale in Rajarhat Kolkata","Rajarhat Kolkata","2 BHK Apartment","1140","823","16000000.00"
"2 BHK Apartment for Sale in Rajarhat Kolkata","Rajarhat Kolkata","2 BHK Apartment","1140","823","16000000.00"
"2 BHK Apartment for Sale in Rajarhat Kolkata","Rajarhat Kolkata","2 BHK Apartment","1140","823","16000000.00"
"2 BHK Apartment for Sale in Rajarhat Kolkata","Rajarhat Kolkata","2 BHK Apartment","1140","823","16000000.00"
"2 BHK Apartment for Sale in Rajarhat Kolkata","Rajarhat Kolkata","2 BHK Apartment","1140","823","16000000.00"
"2 BHK Apartment for Sale in Rajarhat Kolkata","Rajarhat Kolkata","2 BHK Apartment","1140","823","16000000.00"
"2 BHK Apartment for Sale in Rajarhat Kolkata","Rajarhat Kolkata","2 BHK Apartment","1140","823","16000000.00"
"2 BHK Apartment for Sale in Rajarhat Kolkata","Rajarhat Kolkata","2 BHK Apartment","1140","823","16000000.00"
"2 BHK Apartment for Sale in Rajarhat Kolkata","Rajarhat Kolkata","2 BHK Apartment","1140","823","16000000.00"
"2 BHK Apartment for Sale in Rajarhat Kolkata","Rajarhat Kolkata","2 BHK Apartment","1140","823","16000000.00"
"2 BHK Apartment for Sale in Rajarhat Kolkata","Rajarhat Kolkata","2 BHK Apartment","1140","823","16000000.00"
"2 BHK Apartment for Sale in Rajarhat Kolkata","Rajarhat Kolkata","2 BHK Apartment","1140","823","16000000.00"
"2 BHK Apartment for Sale in Rajarhat Kolkata","Rajarhat Kolkata","2 BHK Apartment","1140","823","16000000.00"
"2 BHK Apartment for Sale in Rajarhat Kolkata","Rajarhat Kolkata","2 BHK Apartment","1140","823","16000000.00"
"2 BHK Apartment for Sale in Rajarhat Kolkata","Rajarhat Kolkata","2 BHK Apartment","1140","823","16000000.00"
"2 BHK Apartment for Sale in Rajarhat Kolkata","Rajarhat Kolkata","2 BHK Apartment","1140","823","16000000.00"
"2 BHK Apartment for Sale in Rajarhat Kolkata","Rajarhat Kolkata","2 BHK Apartment","1140","823","16000000.00"
"2 BHK Apartment for Sale in Rajarhat Kolkata","Rajarhat Kolkata","2 BHK Apartment","1140","823","16000000.00"
"2 BHK Apartment for Sale in Rajarhat Kolkata","Rajarhat Kolkata","2 BHK Apartment","1140","823","16000000.00"
"2 BHK Apartment for Sale in Rajarhat Kolkata","Rajarhat Kolkata","2 BHK Apartment","1140","823","16000000.00"
"2 BHK Apartment for Sale in Rajarhat Kolkata","Rajarhat Kolkata","2 BHK Apartment","1140","823","16000000.00"
"2 BHK Apartment for Sale in Rajarhat Kolkata","Rajarhat Kolkata","2 BHK Apartment","1140","823","16000000.00"
"2 BHK Apartment for Sale in Rajarhat Kolkata","Rajarhat Kolkata","2 BHK Apartment","1140","823","16000000.00"
"2 BHK Apartment for Sale in Rajarhat Kolkata","Rajarhat Kolkata","2 BHK Apartment","1140","823","16000000.00"
"2 BHK Apartment for Sale in Rajarhat Kolkata","Rajarhat Kolkata","2 BHK Apartment","1140","823","16000000.00"
"2 BHK Apartment for Sale in Rajarhat Kolkata","Rajarhat Kolkata","2 BHK Apartment","1140","823","16000000.00"
"2 BHK Apartment for Sale in Rajarhat Kolkata","Rajarhat Kolkata","2 BHK Apartment","1140","823","16000000.00"
"2 BHK Apartment for Sale in Rajarhat Kolkata","Rajarhat Kolkata","2 BHK Apartment","1140","823","16000000.00"
"2 BHK Apartment for Sale in Rajarhat Kolkata","Rajarhat Kolkata","2 BHK Apartment","1140","823","16000000.00"
"2 BHK Apartment for Sale in Rajarhat Kolkata","Rajarhat Kolkata","2 BHK Apartment","1140","823","16000000.00"
"2 BHK Apartment for Sale in Rajarhat Kolkata","Rajarhat Kolkata","2 BHK Apartment","1140","823","16000000.00"
"2 BHK Apartment for Sale in Rajarhat Kolkata","Rajarhat Kolkata","2 BHK Apartment","1140","823","16000000.00"
"2 BHK Apartment for Sale in Rajarhat Kolkata","Rajarhat Kolkata","2 BHK Apartment","1140","823","16000000.00"
"2 BHK Apartment for Sale in Rajarhat Kolkata","Rajarhat Kolkata","2 BHK Apartment","1140","823","16000000.00"
"2 BHK Apartment for Sale in Rajarhat Kolkata","Rajarhat Kolkata","2 BHK Apartment","1140","823","16000000.00"
"2 BHK Apartment for Sale in Rajarhat Kolkata","Rajarhat Kolkata","2 BHK Apartment","1140","823","16000000.00"
"2 BHK Apartment for Sale in Rajarhat Kolkata","Rajarhat Kolkata","2 BHK Apartment","1140","823","16000000.00"
"2 BHK Apartment for Sale in Rajarhat Kolkata","Rajarhat Kolkata","2 BHK Apartment","1140","823","16000000.00"
"2 BHK Apartment for Sale in Rajarhat Kolkata","Rajarhat Kolkata","2 BHK Apartment","1140","823","16000000.00"
"2 BHK Apartment for Sale in Classic Tower","Classic Tower","2 BHK Apartment","1120","823","15000000.00"
"2 BHK Apartment for Sale in Classic Tower","Classic Tower","2 BHK Apartment","1120","823","15000000.00"
"2 BHK Apartment for Sale in Classic Tower","Classic Tower","2 BHK Apartment","1120","823","15000000.00"
"2 BHK Apartment for Sale in Classic Tower","Classic Tower","2 BHK Apartment","1120","823","15000000.00"
"2 BHK Apartment for Sale in Classic Tower","Classic Tower","2 BHK Apartment","1120","823","15000000.00"
"2 BHK Apartment for Sale in Classic Tower","Classic Tower","2 BHK Apartment","1120","823","15000000.00"
"2 BHK Apartment for Sale in Classic Tower","Classic Tower","2 BHK Apartment","1120","823","15000000.00"
"2 BHK Apartment for Sale in Classic Tower","Classic Tower","2 BHK Apartment","1120","823","15000000.00"
"2 BHK Apartment for Sale in Classic Tower","Classic Tower","2 BHK Apartment","1120","823","15000000.00"
"2 BHK Apartment for Sale in Classic Tower","Classic Tower","2 BHK Apartment","1120","823","15000000.00"
"2 BHK Apartment for Sale in Classic Tower","Classic Tower","2 BHK Apartment","1120","823","15000000.00"
"2 BHK Apartment for Sale in Classic Tower","Classic Tower","2 BHK Apartment","1120","823","15000000.00"
"2 BHK Apartment for Sale in Classic Tower","Classic Tower","2 BHK Apartment","1120","823","15000000.00"
"2 BHK Apartment for Sale in Classic Tower","Classic Tower","2 BHK Apartment","1120","823","15000000.00"
"2 BHK Apartment for Sale in Classic Tower","Classic Tower","2 BHK Apartment","1120","823","15000000.00"
"2 BHK Apartment for Sale in Classic Tower","Classic Tower","2 BHK Apartment","1120","823","15000000.00"
"2 BHK Apartment for Sale in Classic Tower","Classic Tower","2 BHK Apartment","1120","823","15000000.00"
"2 BHK Apartment for Sale in Classic Tower","Classic Tower","2 BHK Apartment","1120","823","15000000.00"
"2 BHK Apartment for Sale in Classic Tower","Classic Tower","2 BHK Apartment","1120","823","15000000.00"
"2 BHK Apartment for Sale in Classic Tower","Classic Tower","2 BHK Apartment","1120","823","15000000.00"
"2 BHK Apartment for Sale in Classic Tower","Classic Tower","2 BHK Apartment","1120","823","15000000.00"
"2 BHK Apartment for Sale in Classic Tower","Classic Tower","2 BHK Apartment","1120","823","15000000.00"
"2 BHK Apartment for Sale in Classic Tower","Classic Tower","2 BHK Apartment","1120","823","15000000.00"
"2 BHK Apartment for Sale in Classic Tower","Classic Tower","2 BHK Apartment","1120","823","15000000.00"
"2 BHK Apartment for Sale in Classic Tower","Classic Tower","2 BHK Apartment","1120","823","15000000.00"
"2 BHK Apartment for Sale in Classic Tower","Classic Tower","2 BHK Apartment","1120","823","15000000.00"
"2 BHK Apartment for Sale in Classic Tower","Classic Tower","2 BHK Apartment","1120","823","15000000.00"
"2 BHK Apartment for Sale in Classic Tower","Classic Tower","2 BHK Apartment","1120","823","15000000.00"
"2 BHK Apartment for Sale in Classic Tower","Classic Tower","2 BHK Apartment","1120","823","15000000.00"
"2 BHK Apartment for Sale in Classic Tower","Classic Tower","2 BHK Apartment","1120","823","15000000.00"
"2 BHK Apartment for Sale in Classic Tower","Classic Tower","2 BHK Apartment","1120","823","15000000.00"
"2 BHK Apartment for Sale in Classic Tower","Classic Tower","2 BHK Apartment","1120","823","15000000.00"
"2 BHK Apartment for Sale in Classic Tower","Classic Tower","2 BHK Apartment","1120","823","15000000.00"
"2 BHK Apartment for Sale in Classic Tower","Classic Tower","2 BHK Apartment","1120","823","15000000.00"
"2 BHK Apartment for Sale in Classic Tower","Classic Tower","2 BHK Apartment","1120","823","15000000.00"
"2 BHK Apartment for Sale in Classic Tower","Classic Tower","2 BHK Apartment","1120","823","15000000.00"
"2 BHK Apartment for Sale in Classic Tower","Classic Tower","2 BHK Apartment","1120","823","15000000.00"
"2 BHK Apartment for Sale in Classic Tower","Classic Tower","2 BHK Apartment","1120","823","15000000.00"
"2 BHK Apartment for Sale in Classic Tower","Classic Tower","2 BHK Apartment","1120","823","15000000.00"
"2 BHK Apartment for Sale in Classic Tower","Classic Tower","2 BHK Apartment","1120","823","15000000.00"
"2 BHK Apartment for Sale in Classic Tower","Classic Tower","2 BHK Apartment","1120","823","15000000.00"
"2 BHK Apartment for Sale in Classic Tower","Classic Tower","2 BHK Apartment","1120","823","15000000.00"
"2 BHK Apartment for Sale in Classic Tower","Classic Tower","2 BHK Apartment","1120","823","15000000.00"
"2 BHK Apartment for Sale in Classic Tower","Classic Tower","2 BHK Apartment","1120","823","15000000.00"
"2 BHK Apartment for Sale in Classic Tower","Classic Tower","2 BHK Apartment","1120","823","15000000.00"
"2 BHK Apartment for Sale in Classic Tower","Classic Tower","2 BHK Apartment","1120","823","15000000.00"
"2 BHK Apartment for Sale in Classic Tower","Classic Tower","2 BHK Apartment","1120","823","15000000.00"
"2 BHK Apartment for Sale in Classic Tower","Classic Tower","2 BHK Apartment","1120","823","15000000.00"
"2 BHK Apartment for Sale in Classic Tower","Classic Tower","2 BHK Apartment","1120","823","15000000.00"
"2 BHK Apartment for Sale in Classic Tower","Classic Tower","2 BHK Apartment","1120","823","15000000.00"
"2 BHK Apartment for Sale in Classic Tower","Classic Tower","2 BHK Apartment","1120","823","15000000.00"
"2 BHK Apartment for Sale in Classic Tower","Classic Tower","2 BHK Apartment","1120","823","15000000.00"
"2 BHK Apartment for Sale in Classic Tower","Classic Tower","2 BHK Apartment","1120","823","15000000.00"
"2 BHK Apartment for Sale in Classic Tower","Classic Tower","2 BHK Apartment","1120","823","15000000.00"
"2 BHK Apartment for Sale in Classic Tower","Classic Tower","2 BHK Apartment","1120","823","15000000.00"
"2 BHK Apartment for Sale in Classic Tower","Classic Tower","2 BHK Apartment","1120","823","15000000.00"
"2 BHK Apartment for Sale in Classic Tower","Classic Tower","2 BHK Apartment","1120","823","15000000.00"
"2 BHK Apartment for Sale in Classic Tower","Classic Tower","2 BHK Apartment","1120","823","15000000.00"
"2 BHK Apartment for Sale in Classic Tower","Classic Tower","2 BHK Apartment","1120","823","15000000.00"
"2 BHK Apartment for Sale in Classic Tower","Classic Tower","2 BHK Apartment","1120","823","15000000.00"
"2 BHK Apartment for Sale in Classic Tower","Classic Tower","2 BHK Apartment","1120","823","15000000.00"
"2 BHK Apartment for Sale in Classic Tower","Classic Tower","2 BHK Apartment","1120","823","15000000.00"
"2 BHK Apartment for Sale in Classic Tower","Classic Tower","2 BHK Apartment","1120","823","15000000.00"
"2 BHK Apartment for Sale in Classic Tower","Classic Tower","2 BHK Apartment","1120","823","15000000.00"
"2 BHK Apartment for Sale in Classic Tower","Classic Tower","2 BHK Apartment","1120","823","15000000.00"
"2 BHK Apartment for Sale in Classic Tower","Classic Tower","2 BHK Apartment","1120","823","15000000.00"
"2 BHK Apartment for Sale in Classic Tower","Classic Tower","2 BHK Apartment","1120","823","15000000.00"
"2 BHK Apartment for Sale in Classic Tower","Classic Tower","2 BHK Apartment","1120","823","15000000.00"
"2 BHK Apartment for Sale in Classic Tower","Classic Tower","2 BHK Apartment","1120","823","15000000.00"
"2 BHK Apartment for Sale in Classic Tower","Classic Tower","2 BHK Apartment","1120","823","15000000.00"
"2 BHK Apartment for Sale in Classic Tower","Classic Tower","2 BHK Apartment","1120","823","15000000.00"
"2 BHK Apartment for Sale in Classic Tower","Classic Tower","2 BHK Apartment","1120","823","15000000.00"
"2 BHK Apartment for Sale in Classic Tower","Classic Tower","2 BHK Apartment","1120","823","15000000.00"
"2 BHK Apartment for Sale in Classic Tower","Classic Tower","2 BHK Apartment","1120","823","15000000.00"
"2 BHK Apartment for Sale in Classic Tower","Classic Tower","2 BHK Apartment","1120","823","15000000.00"
"2 BHK Apartment for Sale in Classic Tower","Classic Tower","2 BHK Apartment","1120","823","15000000.00"
"2 BHK Apartment for Sale in Classic Tower","Classic Tower","2 BHK Apartment","1120","823","15000000.00"
"2 BHK Apartment for Sale in Classic Tower","Classic Tower","2 BHK Apartment","1120","823","15000000.00"
"2 BHK Apartment for Sale in Classic Tower","Classic Tower","2 BHK Apartment","1120","823","15000000.00"
"2 BHK Apartment for Sale in Classic Tower","Classic Tower","2 BHK Apartment","1120","823","15000000.00"
"2 BHK Apartment for Sale in Classic Tower","Classic Tower","2 BHK Apartment","1120","823","15000000.00"
"2 BHK Apartment for Sale in Classic Tower","Classic Tower","2 BHK Apartment","1120","823","15000000.00"
"2 BHK Apartment for Sale in Classic Tower","Classic Tower","2 BHK Apartment","1120","823","15000000.00"
"2 BHK Apartment for Sale in Classic Tower","Classic Tower","2 BHK Apartment","1120","823","15000000.00"
"2 BHK Apartment for Sale in Classic Tower","Classic Tower","2 BHK Apartment","1120","823","15000000.00"
"2 BHK Apartment for Sale in Classic Tower","Classic Tower","2 BHK Apartment","1120","823","15000000.00"
"2 BHK Apartment for Sale in Classic Tower","Classic Tower","2 BHK Apartment","1120","823","15000000.00"
"2 BHK Apartment for Sale in Classic Tower","Classic Tower","2 BHK Apartment","1120","823","15000000.00"
"2 BHK Apartment for Sale in Classic Tower","Classic Tower","2 BHK Apartment","1120","823","15000000.00"
"2 BHK Apartment for Sale in Classic Tower","Classic Tower","2 BHK Apartment","1120","823","15000000.00"
"2 BHK Apartment for Sale in Classic Tower","Classic Tower","2 BHK Apartment","1120","823","15000000.00"
"2 BHK Apartment for Sale in Classic Tower","Classic Tower","2 BHK Apartment","1120","823","15000000.00"
"2 BHK Apartment for Sale in Classic Tower","Classic Tower","2 BHK Apartment","1120","823","15000000.00"
"2 BHK Apartment for Sale in Classic Tower","Classic Tower","2 BHK Apartment","1120","823","15000000.00"
"2 BHK Apartment for Sale in Classic Tower","Classic Tower","2 BHK Apartment","1120","823","15000000.00"
"2 BHK Apartment for Sale in Classic Tower","Classic Tower","2 BHK Apartment","1120","823","15000000.00"
"2 BHK Apartment for Sale in Classic Tower","Classic Tower","2 BHK Apartment","1120","823","15000000.00"
"2 BHK Apartment for Sale in Classic Tower","Classic Tower","2 BHK Apartment","1120","823","15000000.00"
"2 BHK Apartment for Sale in Classic Tower","Classic Tower","2 BHK Apartment","1120","823","15000000.00"
"2 BHK Apartment for Sale in Classic Tower","Classic Tower","2 BHK Apartment","1120","823","15000000.00"
"3 BHK Apartment for Sale in Koyla Vihar Vasundhara","Koyla Vihar Vasundhara","3 BHK Apartment","1800","1080","13500000.00"
"3 BHK Apartment for Sale in Koyla Vihar Vasundhara","Koyla Vihar Vasundhara","3 BHK Apartment","1800","1080","13500000.00"
"3 BHK Apartment for Sale in Koyla Vihar Vasundhara","Koyla Vihar Vasundhara","3 BHK Apartment","1800","1080","13500000.00"
"3 BHK Apartment for Sale in Koyla Vihar Vasundhara","Koyla Vihar Vasundhara","3 BHK Apartment","1800","1080","13500000.00"
"3 BHK Apartment for Sale in Koyla Vihar Vasundhara","Koyla Vihar Vasundhara","3 BHK Apartment","1800","1080","13500000.00"
"3 BHK Apartment for Sale in Koyla Vihar Vasundhara","Koyla Vihar Vasundhara","3 BHK Apartment","1800","1080","13500000.00"
"3 BHK Apartment for Sale in Koyla Vihar Vasundhara","Koyla Vihar Vasundhara","3 BHK Apartment","1800","1080","13500000.00"
"3 BHK Apartment for Sale in Koyla Vihar Vasundhara","Koyla Vihar Vasundhara","3 BHK Apartment","1800","1080","13500000.00"
"3 BHK Apartment for Sale in Koyla Vihar Vasundhara","Koyla Vihar Vasundhara","3 BHK Apartment","1800","1080","13500000.00"
"3 BHK Apartment for Sale in Koyla Vihar Vasundhara","Koyla Vihar Vasundhara","3 BHK Apartment","1800","1080","13500000.00"
"3 BHK Apartment for Sale in Koyla Vihar Vasundhara","Koyla Vihar Vasundhara","3 BHK Apartment","1800","1080","13500000.00"
"3 BHK Apartment for Sale in Koyla Vihar Vasundhara","Koyla Vihar Vasundhara","3 BHK Apartment","1800","1080","13500000.00"
"3 BHK Apartment for Sale in Koyla Vihar Vasundhara","Koyla Vihar Vasundhara","3 BHK Apartment","1800","1080","13500000.00"
"3 BHK Apartment for Sale in Koyla Vihar Vasundhara","Koyla Vihar Vasundhara","3 BHK Apartment","1800","1080","13500000.00"
"3 BHK Apartment for Sale in Koyla Vihar Vasundhara","Koyla Vihar Vasundhara","3 BHK Apartment","1800","1080","13500000.00"
"3 BHK Apartment for Sale in Koyla Vihar Vasundhara","Koyla Vihar Vasundhara","3 BHK Apartment","1800","1080","13500000.00"
"3 BHK Apartment for Sale in Koyla Vihar Vasundhara","Koyla Vihar Vasundhara","3 BHK Apartment","1800","1080","13500000.00"
"3 BHK Apartment for Sale in Koyla Vihar Vasundhara","Koyla Vihar Vasundhara","3 BHK Apartment","1800","1080","13500000.00"
"3 BHK Apartment for Sale in Koyla Vihar Vasundhara","Koyla Vihar Vasundhara","3 BHK Apartment","1800","1080","13500000.00"
"3 BHK Apartment for Sale in Koyla Vihar Vasundhara","Koyla Vihar Vasundhara","3 BHK Apartment","1800","1080","13500000.00"
"3 BHK Apartment for Sale in Koyla Vihar Vasundhara","Koyla Vihar Vasundhara","3 BHK Apartment","1800","1080","13500000.00"
"3 BHK Apartment for Sale in Koyla Vihar Vasundhara","Koyla Vihar Vasundhara","3 BHK Apartment","1800","1080","13500000.00"
"3 BHK Apartment for Sale in Koyla Vihar Vasundhara","Koyla Vihar Vasundhara","3 BHK Apartment","1800","1080","13500000.00"
"3 BHK Apartment for Sale in Koyla Vihar Vasundhara","Koyla Vihar Vasundhara","3 BHK Apartment","1800","1080","13500000.00"
"3 BHK Apartment for Sale in Koyla Vihar Vasundhara","Koyla Vihar Vasundhara","3 BHK Apartment","1800","1080","13500000.00"
"3 BHK Apartment for Sale in Koyla Vihar Vasundhara","Koyla Vihar Vasundhara","3 BHK Apartment","1800","1080","13500000.00"
"3 BHK Apartment for Sale in Koyla Vihar Vasundhara","Koyla Vihar Vasundhara","3 BHK Apartment","1800","1080","13500000.00"
"3 BHK Apartment for Sale in Koyla Vihar Vasundhara","Koyla Vihar Vasundhara","3 BHK Apartment","1800","1080","13500000.00"
"3 BHK Apartment for Sale in Koyla Vihar Vasundhara","Koyla Vihar Vasundhara","3 BHK Apartment","1800","1080","13500000.00"
"3 BHK Apartment for Sale in Koyla Vihar Vasundhara","Koyla Vihar Vasundhara","3 BHK Apartment","1800","1080","13500000.00"
"3 BHK Apartment for Sale in Koyla Vihar Vasundhara","Koyla Vihar Vasundhara","3 BHK Apartment","1800","1080","13500000.00"
"3 BHK Apartment for Sale in Koyla Vihar Vasundhara","Koyla Vihar Vasundhara","3 BHK Apartment","1800","1080","13500000.00"
"3 BHK Apartment for Sale in Koyla Vihar Vasundhara","Koyla Vihar Vasundhara","3 BHK Apartment","1800","1080","13500000.00"
"3 BHK Apartment for Sale in Koyla Vihar Vasundhara","Koyla Vihar Vasundhara","3 BHK Apartment","1800","1080","13500000.00"
"3 BHK Apartment for Sale in Koyla Vihar Vasundhara","Koyla Vihar Vasundhara","3 BHK Apartment","1800","1080","13500000.00"
"3 BHK Apartment for Sale in Koyla Vihar Vasundhara","Koyla Vihar Vasundhara","3 BHK Apartment","1800","1080","13500000.00"
"3 BHK Apartment for Sale in Koyla Vihar Vasundhara","Koyla Vihar Vasundhara","3 BHK Apartment","1800","1080","13500000.00"
"3 BHK Apartment for Sale in Koyla Vihar Vasundhara","Koyla Vihar Vasundhara","3 BHK Apartment","1800","1080","13500000.00"
"3 BHK Apartment for Sale in Koyla Vihar Vasundhara","Koyla Vihar Vasundhara","3 BHK Apartment","1800","1080","13500000.00"
"3 BHK Apartment for Sale in Koyla Vihar Vasundhara","Koyla Vihar Vasundhara","3 BHK Apartment","1800","1080","13500000.00"
"3 BHK Apartment for Sale in Koyla Vihar Vasundhara","Koyla Vihar Vasundhara","3 BHK Apartment","1800","1080","13500000.00"
"3 BHK Apartment for Sale in Koyla Vihar Vasundhara","Koyla Vihar Vasundhara","3 BHK Apartment","1800","1080","13500000.00"
"3 BHK Apartment for Sale in Koyla Vihar Vasundhara","Koyla Vihar Vasundhara","3 BHK Apartment","1800","1080","13500000.00"
"3 BHK Apartment for Sale in Koyla Vihar Vasundhara","Koyla Vihar Vasundhara","3 BHK Apartment","1800","1080","13500000.00"
"3 BHK Apartment for Sale in Koyla Vihar Vasundhara","Koyla Vihar Vasundhara","3 BHK Apartment","1800","1080","13500000.00"
"3 BHK Apartment for Sale in Koyla Vihar Vasundhara","Koyla Vihar Vasundhara","3 BHK Apartment","1800","1080","13500000.00"
"3 BHK Apartment for Sale in Koyla Vihar Vasundhara","Koyla Vihar Vasundhara","3 BHK Apartment","1800","1080","13500000.00"
"3 BHK Apartment for Sale in Koyla Vihar Vasundhara","Koyla Vihar Vasundhara","3 BHK Apartment","1800","1080","13500000.00"
"3 BHK Apartment for Sale in Koyla Vihar Vasundhara","Koyla Vihar Vasundhara","3 BHK Apartment","1800","1080","13500000.00"
"3 BHK Apartment for Sale in Koyla Vihar Vasundhara","Koyla Vihar Vasundhara","3 BHK Apartment","1800","1080","13500000.00"
"3 BHK Apartment for Sale in Koyla Vihar Vasundhara","Koyla Vihar Vasundhara","3 BHK Apartment","1800","1080","13500000.00"
"3 BHK Apartment for Sale in Koyla Vihar Vasundhara","Koyla Vihar Vasundhara","3 BHK Apartment","1800","1080","13500000.00"
"3 BHK Apartment for Sale in Koyla Vihar Vasundhara","Koyla Vihar Vasundhara","3 BHK Apartment","1800","1080","13500000.00"
"3 BHK Apartment for Sale in Koyla Vihar Vasundhara","Koyla Vihar Vasundhara","3 BHK Apartment","1800","1080","13500000.00"
"3 BHK Apartment for Sale in Koyla Vihar Vasundhara","Koyla Vihar Vasundhara","3 BHK Apartment","1800","1080","13500000.00"
"3 BHK Apartment for Sale in Koyla Vihar Vasundhara","Koyla Vihar Vasundhara","3 BHK Apartment","1800","1080","13500000.00"
"3 BHK Apartment for Sale in Koyla Vihar Vasundhara","Koyla Vihar Vasundhara","3 BHK Apartment","1800","1080","13500000.00"
"3 BHK Apartment for Sale in Koyla Vihar Vasundhara","Koyla Vihar Vasundhara","3 BHK Apartment","1800","1080","13500000.00"
"3 BHK Apartment for Sale in Koyla Vihar Vasundhara","Koyla Vihar Vasundhara","3 BHK Apartment","1800","1080","13500000.00"
"3 BHK Apartment for Sale in Koyla Vihar Vasundhara","Koyla Vihar Vasundhara","3 BHK Apartment","1800","1080","13500000.00"
"3 BHK Apartment for Sale in Koyla Vihar Vasundhara","Koyla Vihar Vasundhara","3 BHK Apartment","1800","1080","13500000.00"
"3 BHK Apartment for Sale in Koyla Vihar Vasundhara","Koyla Vihar Vasundhara","3 BHK Apartment","1800","1080","13500000.00"
"3 BHK Apartment for Sale in Koyla Vihar Vasundhara","Koyla Vihar Vasundhara","3 BHK Apartment","1800","1080","13500000.00"
"3 BHK Apartment for Sale in Koyla Vihar Vasundhara","Koyla Vihar Vasundhara","3 BHK Apartment","1800","1080","13500000.00"
"3 BHK Apartment for Sale in Koyla Vihar Vasundhara","Koyla Vihar Vasundhara","3 BHK Apartment","1800","1080","13500000.00"
"3 BHK Apartment for Sale in Koyla Vihar Vasundhara","Koyla Vihar Vasundhara","3 BHK Apartment","1800","1080","13500000.00"
"3 BHK Apartment for Sale in Koyla Vihar Vasundhara","Koyla Vihar Vasundhara","3 BHK Apartment","1800","1080","13500000.00"
"3 BHK Apartment for Sale in Koyla Vihar Vasundhara","Koyla Vihar Vasundhara","3 BHK Apartment","1800","1080","13500000.00"
"3 BHK Apartment for Sale in Koyla Vihar Vasundhara","Koyla Vihar Vasundhara","3 BHK Apartment","1800","1080","13500000.00"
"3 BHK Apartment for Sale in Koyla Vihar Vasundhara","Koyla Vihar Vasundhara","3 BHK Apartment","1800","1080","13500000.00"
"3 BHK Apartment for Sale in Koyla Vihar Vasundhara","Koyla Vihar Vasundhara","3 BHK Apartment","1800","1080","13500000.00"
"3 BHK Apartment for Sale in Koyla Vihar Vasundhara","Koyla Vihar Vasundhara","3 BHK Apartment","1800","1080","13500000.00"
"3 BHK Apartment for Sale in Koyla Vihar Vasundhara","Koyla Vihar Vasundhara","3 BHK Apartment","1800","1080","13500000.00"
"3 BHK Apartment for Sale in Koyla Vihar Vasundhara","Koyla Vihar Vasundhara","3 BHK Apartment","1800","1080","13500000.00"
"3 BHK Apartment for Sale in Koyla Vihar Vasundhara","Koyla Vihar Vasundhara","3 BHK Apartment","1800","1080","13500000.00"
"3 BHK Apartment for Sale in Koyla Vihar Vasundhara","Koyla Vihar Vasundhara","3 BHK Apartment","1800","1080","13500000.00"
"3 BHK Apartment for Sale in Koyla Vihar Vasundhara","Koyla Vihar Vasundhara","3 BHK Apartment","1800","1080","13500000.00"
"3 BHK Apartment for Sale in Koyla Vihar Vasundhara","Koyla Vihar Vasundhara","3 BHK Apartment","1800","1080","13500000.00"
"3 BHK Apartment for Sale in Koyla Vihar Vasundhara","Koyla Vihar Vasundhara","3 BHK Apartment","1800","1080","13500000.00"
"3 BHK Apartment for Sale in Koyla Vihar Vasundhara","Koyla Vihar Vasundhara","3 BHK Apartment","1800","1080","13500000.00"
"3 BHK Apartment for Sale in Koyla Vihar Vasundhara","Koyla Vihar Vasundhara","3 BHK Apartment","1800","1080","13500000.00"
"3 BHK Apartment for Sale in Koyla Vihar Vasundhara","Koyla Vihar Vasundhara","3 BHK Apartment","1800","1080","13500000.00"
"3 BHK Apartment for Sale in Koyla Vihar Vasundhara","Koyla Vihar Vasundhara","3 BHK Apartment","1800","1080","13500000.00"
"3 BHK Apartment for Sale in Koyla Vihar Vasundhara","Koyla Vihar Vasundhara","3 BHK Apartment","1800","1080","13500000.00"
"3 BHK Apartment for Sale in Koyla Vihar Vasundhara","Koyla Vihar Vasundhara","3 BHK Apartment","1800","1080","13500000.00"
"3 BHK Apartment for Sale in Koyla Vihar Vasundhara","Koyla Vihar Vasundhara","3 BHK Apartment","1800","1080","13500000.00"
"3 BHK Apartment for Sale in Koyla Vihar Vasundhara","Koyla Vihar Vasundhara","3 BHK Apartment","1800","1080","13500000.00"
"3 BHK Apartment for Sale in Koyla Vihar Vasundhara","Koyla Vihar Vasundhara","3 BHK Apartment","1800","1080","13500000.00"
"3 BHK Apartment for Sale in Koyla Vihar Vasundhara","Koyla Vihar Vasundhara","3 BHK Apartment","1800","1080","13500000.00"
"3 BHK Apartment for Sale in Koyla Vihar Vasundhara","Koyla Vihar Vasundhara","3 BHK Apartment","1800","1080","13500000.00"
"3 BHK Apartment for Sale in Koyla Vihar Vasundhara","Koyla Vihar Vasundhara","3 BHK Apartment","1800","1080","13500000.00"
"3 BHK Apartment for Sale in Koyla Vihar Vasundhara","Koyla Vihar Vasundhara","3 BHK Apartment","1800","1080","13500000.00"
"3 BHK Apartment for Sale in Koyla Vihar Vasundhara","Koyla Vihar Vasundhara","3 BHK Apartment","1800","1080","13500000.00"
"3 BHK Apartment for Sale in Koyla Vihar Vasundhara","Koyla Vihar Vasundhara","3 BHK Apartment","1800","1080","13500000.00"
"3 BHK Apartment for Sale in Koyla Vihar Vasundhara","Koyla Vihar Vasundhara","3 BHK Apartment","1800","1080","13500000.00"
"3 BHK Apartment for Sale in Koyla Vihar Vasundhara","Koyla Vihar Vasundhara","3 BHK Apartment","1800","1080","13500000.00"
"3 BHK Apartment for Sale in Koyla Vihar Vasundhara","Koyla Vihar Vasundhara","3 BHK Apartment","1800","1080","13500000.00"
"3 BHK Apartment for Sale in Koyla Vihar Vasundhara","Koyla Vihar Vasundhara","3 BHK Apartment","1800","1080","13500000.00"
"3 BHK Apartment for Sale in Koyla Vihar Vasundhara","Koyla Vihar Vasundhara","3 BHK Apartment","1800","1080","13500000.00"
"3 BHK Apartment for Sale in Koyla Vihar Vasundhara","Koyla Vihar Vasundhara","3 BHK Apartment","1800","1080","13500000.00"
"3 BHK Apartment for Sale in Multicon Estelle","Multicon Estelle","3 BHK Apartment","1612","1080","22500000.00"
"3 BHK Apartment for Sale in Multicon Estelle","Multicon Estelle","3 BHK Apartment","1612","1080","22500000.00"
"3 BHK Apartment for Sale in Multicon Estelle","Multicon Estelle","3 BHK Apartment","1612","1080","22500000.00"
"3 BHK Apartment for Sale in Multicon Estelle","Multicon Estelle","3 BHK Apartment","1612","1080","22500000.00"
"3 BHK Apartment for Sale in Multicon Estelle","Multicon Estelle","3 BHK Apartment","1612","1080","22500000.00"
"3 BHK Apartment for Sale in Multicon Estelle","Multicon Estelle","3 BHK Apartment","1612","1080","22500000.00"
"3 BHK Apartment for Sale in Multicon Estelle","Multicon Estelle","3 BHK Apartment","1612","1080","22500000.00"
"3 BHK Apartment for Sale in Multicon Estelle","Multicon Estelle","3 BHK Apartment","1612","1080","22500000.00"
"3 BHK Apartment for Sale in Multicon Estelle","Multicon Estelle","3 BHK Apartment","1612","1080","22500000.00"
"3 BHK Apartment for Sale in Multicon Estelle","Multicon Estelle","3 BHK Apartment","1612","1080","22500000.00"
"3 BHK Apartment for Sale in Multicon Estelle","Multicon Estelle","3 BHK Apartment","1612","1080","22500000.00"
"3 BHK Apartment for Sale in Multicon Estelle","Multicon Estelle","3 BHK Apartment","1612","1080","22500000.00"
"3 BHK Apartment for Sale in Multicon Estelle","Multicon Estelle","3 BHK Apartment","1612","1080","22500000.00"
"3 BHK Apartment for Sale in Multicon Estelle","Multicon Estelle","3 BHK Apartment","1612","1080","22500000.00"
"3 BHK Apartment for Sale in Multicon Estelle","Multicon Estelle","3 BHK Apartment","1612","1080","22500000.00"
"3 BHK Apartment for Sale in Multicon Estelle","Multicon Estelle","3 BHK Apartment","1612","1080","22500000.00"
"3 BHK Apartment for Sale in Multicon Estelle","Multicon Estelle","3 BHK Apartment","1612","1080","22500000.00"
"3 BHK Apartment for Sale in Multicon Estelle","Multicon Estelle","3 BHK Apartment","1612","1080","22500000.00"
"3 BHK Apartment for Sale in Multicon Estelle","Multicon Estelle","3 BHK Apartment","1612","1080","22500000.00"
"3 BHK Apartment for Sale in Multicon Estelle","Multicon Estelle","3 BHK Apartment","1612","1080","22500000.00"
"3 BHK Apartment for Sale in Multicon Estelle","Multicon Estelle","3 BHK Apartment","1612","1080","22500000.00"
"3 BHK Apartment for Sale in Multicon Estelle","Multicon Estelle","3 BHK Apartment","1612","1080","22500000.00"
"3 BHK Apartment for Sale in Multicon Estelle","Multicon Estelle","3 BHK Apartment","1612","1080","22500000.00"
"3 BHK Apartment for Sale in Multicon Estelle","Multicon Estelle","3 BHK Apartment","1612","1080","22500000.00"
"3 BHK Apartment for Sale in Multicon Estelle","Multicon Estelle","3 BHK Apartment","1612","1080","22500000.00"
"3 BHK Apartment for Sale in Multicon Estelle","Multicon Estelle","3 BHK Apartment","1612","1080","22500000.00"
"3 BHK Apartment for Sale in Multicon Estelle","Multicon Estelle","3 BHK Apartment","1612","1080","22500000.00"
"3 BHK Apartment for Sale in Multicon Estelle","Multicon Estelle","3 BHK Apartment","1612","1080","22500000.00"
"3 BHK Apartment for Sale in Multicon Estelle","Multicon Estelle","3 BHK Apartment","1612","1080","22500000.00"
"3 BHK Apartment for Sale in Multicon Estelle","Multicon Estelle","3 BHK Apartment","1612","1080","22500000.00"
"3 BHK Apartment for Sale in Multicon Estelle","Multicon Estelle","3 BHK Apartment","1612","1080","22500000.00"
"3 BHK Apartment for Sale in Multicon Estelle","Multicon Estelle","3 BHK Apartment","1612","1080","22500000.00"
"3 BHK Apartment for Sale in Multicon Estelle","Multicon Estelle","3 BHK Apartment","1612","1080","22500000.00"
"3 BHK Apartment for Sale in Multicon Estelle","Multicon Estelle","3 BHK Apartment","1612","1080","22500000.00"
"3 BHK Apartment for Sale in Multicon Estelle","Multicon Estelle","3 BHK Apartment","1612","1080","22500000.00"
"3 BHK Apartment for Sale in Multicon Estelle","Multicon Estelle","3 BHK Apartment","1612","1080","22500000.00"
"3 BHK Apartment for Sale in Multicon Estelle","Multicon Estelle","3 BHK Apartment","1612","1080","22500000.00"
"3 BHK Apartment for Sale in Multicon Estelle","Multicon Estelle","3 BHK Apartment","1612","1080","22500000.00"
"3 BHK Apartment for Sale in Multicon Estelle","Multicon Estelle","3 BHK Apartment","1612","1080","22500000.00"
"3 BHK Apartment for Sale in Multicon Estelle","Multicon Estelle","3 BHK Apartment","1612","1080","22500000.00"
"3 BHK Apartment for Sale in Multicon Estelle","Multicon Estelle","3 BHK Apartment","1612","1080","22500000.00"
"3 BHK Apartment for Sale in Multicon Estelle","Multicon Estelle","3 BHK Apartment","1612","1080","22500000.00"
"3 BHK Apartment for Sale in Multicon Estelle","Multicon Estelle","3 BHK Apartment","1612","1080","22500000.00"
"3 BHK Apartment for Sale in Multicon Estelle","Multicon Estelle","3 BHK Apartment","1612","1080","22500000.00"
"3 BHK Apartment for Sale in Multicon Estelle","Multicon Estelle","3 BHK Apartment","1612","1080","22500000.00"
"3 BHK Apartment for Sale in Multicon Estelle","Multicon Estelle","3 BHK Apartment","1612","1080","22500000.00"
"3 BHK Apartment for Sale in Multicon Estelle","Multicon Estelle","3 BHK Apartment","1612","1080","22500000.00"
"3 BHK Apartment for Sale in Multicon Estelle","Multicon Estelle","3 BHK Apartment","1612","1080","22500000.00"
"3 BHK Apartment for Sale in Multicon Estelle","Multicon Estelle","3 BHK Apartment","1612","1080","22500000.00"
"3 BHK Apartment for Sale in Multicon Estelle","Multicon Estelle","3 BHK Apartment","1612","1080","22500000.00"
"3 BHK Apartment for Sale in Multicon Estelle","Multicon Estelle","3 BHK Apartment","1612","1080","22500000.00"
"3 BHK Apartment for Sale in Multicon Estelle","Multicon Estelle","3 BHK Apartment","1612","1080","22500000.00"
"3 BHK Apartment for Sale in Multicon Estelle","Multicon Estelle","3 BHK Apartment","1612","1080","22500000.00"
"3 BHK Apartment for Sale in Multicon Estelle","Multicon Estelle","3 BHK Apartment","1612","1080","22500000.00"
"3 BHK Apartment for Sale in Multicon Estelle","Multicon Estelle","3 BHK Apartment","1612","1080","22500000.00"
"3 BHK Apartment for Sale in Multicon Estelle","Multicon Estelle","3 BHK Apartment","1612","1080","22500000.00"
"3 BHK Apartment for Sale in Multicon Estelle","Multicon Estelle","3 BHK Apartment","1612","1080","22500000.00"
"3 BHK Apartment for Sale in Multicon Estelle","Multicon Estelle","3 BHK Apartment","1612","1080","22500000.00"
"3 BHK Apartment for Sale in Multicon Estelle","Multicon Estelle","3 BHK Apartment","1612","1080","22500000.00"
"3 BHK Apartment for Sale in Multicon Estelle","Multicon Estelle","3 BHK Apartment","1612","1080","22500000.00"
"3 BHK Apartment for Sale in Multicon Estelle","Multicon Estelle","3 BHK Apartment","1612","1080","22500000.00"
"3 BHK Apartment for Sale in Multicon Estelle","Multicon Estelle","3 BHK Apartment","1612","1080","22500000.00"
"3 BHK Apartment for Sale in Multicon Estelle","Multicon Estelle","3 BHK Apartment","1612","1080","22500000.00"
"3 BHK Apartment for Sale in Multicon Estelle","Multicon Estelle","3 BHK Apartment","1612","1080","22500000.00"
"3 BHK Apartment for Sale in Multicon Estelle","Multicon Estelle","3 BHK Apartment","1612","1080","22500000.00"
"3 BHK Apartment for Sale in Multicon Estelle","Multicon Estelle","3 BHK Apartment","1612","1080","22500000.00"
"3 BHK Apartment for Sale in Multicon Estelle","Multicon Estelle","3 BHK Apartment","1612","1080","22500000.00"
"3 BHK Apartment for Sale in Multicon Estelle","Multicon Estelle","3 BHK Apartment","1612","1080","22500000.00"
"3 BHK Apartment for Sale in Multicon Estelle","Multicon Estelle","3 BHK Apartment","1612","1080","22500000.00"
"3 BHK Apartment for Sale in Multicon Estelle","Multicon Estelle","3 BHK Apartment","1612","1080","22500000.00"
"3 BHK Apartment for Sale in Multicon Estelle","Multicon Estelle","3 BHK Apartment","1612","1080","22500000.00"
"3 BHK Apartment for Sale in Multicon Estelle","Multicon Estelle","3 BHK Apartment","1612","1080","22500000.00"
"3 BHK Apartment for Sale in Multicon Estelle","Multicon Estelle","3 BHK Apartment","1612","1080","22500000.00"
"3 BHK Apartment for Sale in Multicon Estelle","Multicon Estelle","3 BHK Apartment","1612","1080","22500000.00"
"3 BHK Apartment for Sale in Multicon Estelle","Multicon Estelle","3 BHK Apartment","1612","1080","22500000.00"
"3 BHK Apartment for Sale in Multicon Estelle","Multicon Estelle","3 BHK Apartment","1612","1080","22500000.00"
"3 BHK Apartment for Sale in Multicon Estelle","Multicon Estelle","3 BHK Apartment","1612","1080","22500000.00"
"3 BHK Apartment for Sale in Multicon Estelle","Multicon Estelle","3 BHK Apartment","1612","1080","22500000.00"
"3 BHK Apartment for Sale in Multicon Estelle","Multicon Estelle","3 BHK Apartment","1612","1080","22500000.00"
"3 BHK Apartment for Sale in Multicon Estelle","Multicon Estelle","3 BHK Apartment","1612","1080","22500000.00"
"3 BHK Apartment for Sale in Multicon Estelle","Multicon Estelle","3 BHK Apartment","1612","1080","22500000.00"
"3 BHK Apartment for Sale in Multicon Estelle","Multicon Estelle","3 BHK Apartment","1612","1080","22500000.00"
"3 BHK Apartment for Sale in Multicon Estelle","Multicon Estelle","3 BHK Apartment","1612","1080","22500000.00"
"3 BHK Apartment for Sale in Multicon Estelle","Multicon Estelle","3 BHK Apartment","1612","1080","22500000.00"
"3 BHK Apartment for Sale in Multicon Estelle","Multicon Estelle","3 BHK Apartment","1612","1080","22500000.00"
"3 BHK Apartment for Sale in Multicon Estelle","Multicon Estelle","3 BHK Apartment","1612","1080","22500000.00"
"3 BHK Apartment for Sale in Multicon Estelle","Multicon Estelle","3 BHK Apartment","1612","1080","22500000.00"
"3 BHK Apartment for Sale in Multicon Estelle","Multicon Estelle","3 BHK Apartment","1612","1080","22500000.00"
"3 BHK Apartment for Sale in Multicon Estelle","Multicon Estelle","3 BHK Apartment","1612","1080","22500000.00"
"3 BHK Apartment for Sale in Multicon Estelle","Multicon Estelle","3 BHK Apartment","1612","1080","22500000.00"
"3 BHK Apartment for Sale in Multicon Estelle","Multicon Estelle","3 BHK Apartment","1612","1080","22500000.00"
"3 BHK Apartment for Sale in Multicon Estelle","Multicon Estelle","3 BHK Apartment","1612","1080","22500000.00"
"3 BHK Apartment for Sale in Multicon Estelle","Multicon Estelle","3 BHK Apartment","1612","1080","22500000.00"
"3 BHK Apartment for Sale in Multicon Estelle","Multicon Estelle","3 BHK Apartment","1612","1080","22500000.00"
"3 BHK Apartment for Sale in Multicon Estelle","Multicon Estelle","3 BHK Apartment","1612","1080","22500000.00"
"3 BHK Apartment for Sale in Multicon Estelle","Multicon Estelle","3 BHK Apartment","1612","1080","22500000.00"
"3 BHK Apartment for Sale in Multicon Estelle","Multicon Estelle","3 BHK Apartment","1612","1080","22500000.00"
"3 BHK Apartment for Sale in Multicon Estelle","Multicon Estelle","3 BHK Apartment","1612","1080","22500000.00"
"3 BHK Apartment for Sale in Multicon Estelle","Multicon Estelle","3 BHK Apartment","1612","1080","22500000.00"
"3 BHK Apartment for Sale in Multicon Estelle","Multicon Estelle","3 BHK Apartment","1612","1080","22500000.00"
